, ID,Nationality,Age,DaysSinceCreation,AverageLeadTime,LodgingRevenue,OtherRevenue,BookingsCanceled,BookingsNoShowed,BookingsCheckedIn,PersonsNights,RoomNights,DaysSinceLastStay,DaysSinceFirstStay,DistributionChannel,MarketSegment,SRHighFloor,SRLowFloor,SRAccessibleRoom,SRMediumFloor,SRBathtub,SRShower,SRCrib,SRKingSizeBed,SRTwinBed,SRNearElevator,SRAwayFromElevator,SRNoAlcoholInMiniBar,SRQuietRoom
0,1,PRT,51,150,45,371.0,105.3,1,0,3,8,5,151,1074,Corporate,Corporate,0,0,0,0,0,0,0,0,0,0,0,0,0
16,31,PRT,39,1095,1,1083.5,255.49,0,0,9,18,14,591,1117,Direct,Corporate,0,0,0,0,0,0,0,1,0,0,0,0,0
180,379,PRT,44,1091,2,1086.0,162.0,0,1,11,22,18,189,1084,Corporate,Corporate,0,0,0,0,0,0,0,0,1,0,0,0,0
236,482,PRT,60,1083,0,335.0,75.0,0,0,3,4,4,551,1084,Direct,Direct,0,0,0,0,0,0,0,0,0,0,0,0,0
291,569,PRT,47,1077,79,355.0,81.0,3,0,7,12,11,785,1078,Corporate,Corporate,0,0,0,0,0,0,0,1,0,0,0,0,0
297,575,PRT,53,1076,1,1123.0,425.5,1,0,11,11,11,404,1077,Corporate,Corporate,0,0,0,0,0,0,0,0,0,0,0,0,0
315,601,PRT,56,1075,7,795.0,1350.0,0,0,8,13,10,113,1077,Corporate,Corporate,0,0,0,0,0,0,0,1,0,0,0,0,0
337,630,PRT,45,1072,1,0.0,0.0,1,0,2,3,2,720,1073,Direct,Direct,0,0,0,0,0,0,0,1,0,0,0,0,0
346,647,PRT,80,1072,21,96.0,92.0,0,0,3,8,4,101,1074,Direct,Direct,0,0,0,0,0,0,0,1,0,0,0,0,0
357,670,PRT,45,1070,21,1132.0,181.5,0,0,5,22,10,96,1072,Corporate,Corporate,0,0,0,0,0,0,0,1,0,0,0,0,0
460,844,PRT,47,1065,17,177.0,77.0,0,0,3,3,3,167,1066,Corporate,Corporate,0,0,0,0,0,0,0,0,0,0,0,0,0
508,929,ESP,56,1061,3,219.0,32.5,0,2,1,3,3,1064,1064,Direct,Direct,0,0,0,0,0,0,0,0,0,0,0,0,0
699,1290,AGO,57,1051,8,588.0,86.5,0,0,3,9,5,265,1052,Direct,Direct,0,0,0,0,0,0,0,0,1,0,0,0,0
769,1441,FRA,51,1048,17,705.0,207.5,0,0,5,9,9,382,1049,Corporate,Corporate,0,0,0,0,0,0,0,0,0,0,0,0,0
809,1513,PRT,55,1046,4,2101.0,246.85,1,0,7,22,22,642,1050,Travel Agent/Operator,Aviation,0,0,0,0,0,0,0,0,0,0,0,0,0
972,1761,PRT,33,1041,56,708.0,82.0,0,0,6,6,6,918,1042,Corporate,Corporate,0,0,0,0,0,0,0,0,0,0,0,0,0
995,1809,GBR,44,1040,6,237.0,35.0,0,0,4,4,4,601,1040,Corporate,Corporate,0,0,0,0,0,0,0,1,0,0,0,0,0
1012,1844,PRT,33,1039,2,1121.0,183.0,0,0,6,17,17,903,1042,Corporate,Corporate,0,0,0,0,0,0,0,1,0,0,0,0,0
1186,2141,PRT,58,1033,23,1651.0,197.0,1,0,11,16,14,439,1036,Direct,Direct,0,0,0,0,0,0,0,1,0,0,0,0,0
1195,2151,PRT,52,1033,9,734.0,283.9,0,0,8,19,10,39,1034,Corporate,Corporate,0,0,0,0,0,0,0,1,0,0,0,0,0
1202,2161,PRT,47,1033,20,8493.65,2587.5,3,1,66,75,95,383,1034,Corporate,Corporate,0,0,0,0,0,0,0,1,0,0,0,0,0
1213,2172,PRT,41,1032,37,690.0,140.0,0,0,4,7,7,307,1034,Corporate,Corporate,0,0,0,0,0,0,0,0,0,0,0,0,0
1247,2220,PRT,67,1032,40,497.0,144.0,0,0,4,8,7,307,1034,Corporate,Corporate,0,0,0,0,0,0,0,0,0,0,0,0,0
1297,2328,BEL,54,1030,121,729.9,134.5,0,0,3,17,8,756,1031,Travel Agent/Operator,Other,0,0,0,0,0,0,0,0,0,0,0,0,0
1337,2414,DZA,43,1030,4,1593.0,744.42,0,0,5,33,21,1029,1035,Travel Agent/Operator,Groups,0,0,0,0,0,0,0,0,0,0,0,0,0
1436,2603,PRT,53,1027,1,354.0,60.0,0,0,4,4,4,938,1028,Corporate,Corporate,0,0,0,0,0,0,0,1,0,0,0,0,0
1480,2681,PRT,34,1026,3,1293.0,175.0,1,0,15,16,16,194,1027,Corporate,Corporate,0,0,0,0,0,0,0,1,0,0,0,0,0
1548,2795,PRT,54,1025,4,938.0,564.5,0,0,5,10,6,636,1027,Corporate,Corporate,0,0,0,0,0,0,0,0,0,0,0,0,0
1594,2843,PRT,36,1024,16,623.0,49.0,0,0,3,3,3,594,1025,Corporate,Corporate,0,0,0,0,0,0,0,0,0,0,0,0,0
1756,3015,PRT,34,1020,3,146.0,14.0,1,0,2,2,2,1019,1021,Corporate,Direct,0,0,0,0,0,0,0,1,0,0,0,0,0
1797,3057,PRT,39,1019,5,878.0,113.0,0,0,11,11,11,312,1020,Corporate,Corporate,0,0,0,0,0,0,0,0,0,0,0,0,0
1822,3083,PRT,38,1019,2,475.0,63.0,0,0,3,5,5,305,1021,Direct,Direct,0,0,0,0,0,0,0,1,0,0,0,0,0
2021,3339,PRT,55,1014,5,1186.0,134.5,0,0,6,13,13,538,1015,Corporate,Aviation,0,0,0,0,0,0,0,1,0,0,0,0,0
2423,3772,ESP,54,1005,3,304.0,44.0,0,0,3,3,3,592,1006,Corporate,Corporate,0,0,0,0,0,0,0,0,0,0,0,0,0
2428,3777,PRT,40,1005,5,2998.0,315.5,2,1,29,33,33,12,1006,Corporate,Corporate,0,0,0,0,0,0,0,0,0,0,0,0,0
2468,3821,PRT,46,1004,3,560.0,269.4,0,0,4,7,7,57,1005,Corporate,Corporate,1,0,0,0,0,0,0,1,0,0,1,0,0
3076,4484,PRT,48,992,4,1357.0,159.0,0,0,7,17,17,817,995,Corporate,Corporate,0,0,0,0,0,0,0,0,0,0,0,0,0
3122,4536,PRT,40,991,2,222.0,51.0,0,0,3,3,3,243,992,Corporate,Corporate,0,0,0,0,0,0,0,0,0,0,0,0,0
3208,4640,PRT,42,990,4,540.0,35.0,0,1,2,5,5,581,994,Corporate,Aviation,0,0,0,0,0,0,0,0,0,0,0,0,0
3266,4704,AUT,41,989,1,2409.0,252.15,0,0,4,9,9,539,991,Corporate,Aviation,0,0,0,0,0,0,0,0,0,0,0,0,0
3483,4947,DEU,52,984,3,613.5,53.0,0,0,3,5,5,439,986,Corporate,Corporate,0,0,0,0,0,0,0,1,0,0,0,0,0
3502,4968,PRT,40,984,4,448.0,71.0,0,0,4,5,5,698,985,Corporate,Corporate,0,0,0,0,0,0,0,1,0,0,0,0,0
3635,5113,ESP,54,982,12,772.0,267.15,2,0,2,8,8,822,986,Corporate,Aviation,0,0,0,0,0,0,0,0,0,0,0,0,0
3666,5147,PRT,44,981,148,1069.89,276.5,3,0,7,24,11,108,983,Direct,Direct,0,0,0,0,0,0,0,1,0,0,0,0,0
3792,5312,GRC,48,978,8,3130.0,371.2,1,0,6,31,31,144,994,Corporate,Aviation,0,0,0,0,0,0,0,0,0,0,0,0,0
4104,5662,PRT,38,972,5,2261.0,287.0,1,0,25,27,27,68,973,Corporate,Corporate,0,0,0,0,0,0,0,1,0,0,0,0,0
4162,5726,PRT,46,971,10,1531.65,555.9,1,0,10,18,18,202,973,Corporate,Corporate,0,0,0,0,0,0,0,0,0,0,0,0,0
4170,5735,FRA,36,971,9,281.0,115.5,0,0,3,3,3,783,972,Corporate,Corporate,0,0,0,0,0,0,0,0,0,0,0,0,0
4199,5769,PRT,50,970,5,491.0,60.0,1,1,6,7,6,91,971,Corporate,Corporate,0,0,0,0,0,0,0,1,0,0,0,0,0
4240,5817,PRT,45,970,2,789.0,85.5,0,0,9,9,9,172,971,Corporate,Corporate,0,0,0,0,0,0,0,1,0,0,0,0,0
4287,5866,SVN,64,969,2,748.0,108.0,0,0,3,7,7,589,973,Corporate,Aviation,0,0,0,0,0,0,0,0,0,0,0,0,0
4288,5867,ESP,60,969,0,870.0,158.8,0,0,4,9,9,187,973,Corporate,Aviation,0,0,0,0,0,0,0,1,0,0,0,0,1
4448,6045,PRT,37,965,1,489.2,24.0,0,0,5,6,6,739,966,Travel Agent/Operator,Other,0,0,0,0,0,0,0,0,0,0,0,0,0
4596,6205,PRT,58,962,8,2573.7,428.0,0,0,17,38,19,86,963,Travel Agent/Operator,Other,0,0,0,0,0,0,0,1,0,0,0,0,0
4862,6498,GRC,61,956,5,1133.0,263.75,3,0,3,12,12,321,963,Corporate,Aviation,0,0,0,0,0,0,0,0,0,0,0,0,0
4972,6615,ESP,45,955,2,308.0,14.0,1,0,2,2,2,572,956,Direct,Direct,1,0,0,0,0,0,0,0,0,0,0,0,0
5005,6652,AUT,57,955,1,266.0,30.45,0,0,3,3,3,580,956,Corporate,Aviation,0,0,0,0,0,0,0,0,0,0,0,0,0
5025,6676,PRT,23,955,3,2353.0,708.0,2,2,29,36,29,138,956,Travel Agent/Operator,Travel Agent/Operator,0,0,0,0,0,0,0,1,0,0,0,0,0
5188,6913,HRV,59,951,2,2303.0,228.75,0,1,3,22,22,240,966,Corporate,Aviation,0,0,0,0,0,0,0,0,0,0,0,0,0
5253,6986,ITA,54,950,10,663.0,59.0,0,0,3,7,7,580,952,Travel Agent/Operator,Travel Agent/Operator,0,0,0,0,0,0,0,1,0,0,0,0,0
5537,7311,PRT,45,943,11,436.0,142.3,0,0,3,8,4,680,944,Travel Agent/Operator,Other,0,0,0,0,0,0,1,1,0,0,0,0,0
5540,7314,PRT,53,943,2,562.0,165.0,1,1,6,10,7,544,944,Corporate,Corporate,0,0,0,0,0,0,0,0,0,0,0,0,0
5544,7318,PRT,34,943,7,0.0,0.0,0,0,4,6,6,582,944,Corporate,Complementary,0,0,0,0,0,0,0,0,1,0,0,0,0
5690,7479,PRT,44,940,3,69.0,7.0,0,0,4,14,5,395,941,Direct,Direct,0,0,0,0,0,0,0,1,0,0,0,0,0
6010,7837,PRT,44,936,12,0.0,0.0,1,0,2,2,2,574,937,Direct,Direct,0,0,0,0,0,0,0,1,0,0,0,0,0
6037,7867,ESP,52,935,23,742.0,208.5,0,0,4,8,8,595,937,Corporate,Corporate,1,0,0,0,0,0,0,0,0,0,0,0,0
6614,8510,PRT,46,925,0,1161.0,81.0,0,0,3,3,3,925,927,Travel Agent/Operator,Other,1,0,0,0,0,0,0,1,0,0,0,0,0
6717,8641,ESP,32,923,1,1890.0,219.0,1,0,15,26,21,14,924,Corporate,Corporate,0,0,0,0,0,0,0,1,0,0,0,0,0
7177,9208,IRL,57,916,6,0.0,25.5,0,0,3,5,3,27,917,Direct,Direct,0,0,0,0,0,0,0,1,0,0,0,0,0
7225,9272,PRT,56,914,9,592.0,1192.0,0,0,4,9,5,50,915,Corporate,Corporate,0,0,0,0,0,0,0,1,0,0,0,0,0
7618,9744,PRT,34,906,21,276.0,50.0,0,0,3,3,3,257,907,Corporate,Corporate,0,0,0,0,0,0,0,1,0,0,0,0,0
7691,9832,PRT,53,905,8,599.0,112.0,3,1,9,12,10,334,906,Corporate,Corporate,0,0,0,0,0,0,0,1,0,0,0,0,0
7740,9892,PRT,42,904,3,186.0,53.0,0,0,3,5,3,333,905,Direct,Direct,0,0,0,0,0,0,0,1,0,0,0,0,0
7855,10042,FRA,35,901,7,397.0,35.0,0,0,3,5,5,641,902,Corporate,Corporate,0,0,0,0,0,0,0,1,0,0,0,0,0
7946,10151,PRT,65,899,42,826.0,173.0,3,0,13,13,15,231,900,Corporate,Corporate,0,0,0,0,0,0,0,1,0,0,0,0,0
8189,10449,PRT,46,894,12,1480.0,528.7,2,0,9,16,16,29,896,Corporate,Corporate,0,0,0,1,0,0,0,0,0,0,1,0,0
8284,10570,GRC,50,893,4,897.0,138.85,0,0,4,12,10,32,894,Corporate,Aviation,0,0,0,0,0,0,0,1,0,0,0,0,0
8449,10758,ZAF,59,891,19,456.0,81.0,1,0,4,6,5,175,893,Direct,Direct,0,0,0,0,0,0,0,1,0,0,0,0,0
8569,10906,PRT,65,888,38,177.0,25.0,0,0,3,3,3,325,889,Corporate,Corporate,0,0,0,0,0,0,0,1,0,0,0,0,0
8630,10984,PRT,50,887,5,780.1,138.8,0,0,4,17,13,472,889,Corporate,Corporate,0,0,0,0,0,0,0,1,0,0,0,0,0
8634,10988,PRT,62,887,4,790.0,108.0,0,0,8,13,11,301,888,Corporate,Corporate,0,0,0,0,0,0,0,0,0,0,0,0,0
8838,11203,PRT,58,884,41,1819.0,132.0,0,0,4,8,8,581,889,Corporate,Corporate,0,0,0,0,0,0,0,0,0,0,0,0,0
9002,11371,PRT,67,881,5,2083.0,231.0,1,0,26,35,35,385,882,Corporate,Corporate,0,0,0,0,0,0,0,1,0,0,0,0,0
9039,11408,PRT,46,880,11,1750.0,619.5,0,0,13,21,21,103,882,Corporate,Corporate,1,0,0,0,0,0,0,1,0,0,1,0,0
9047,11416,PRT,48,880,11,2010.0,350.0,4,0,23,30,30,194,881,Corporate,Corporate,0,0,0,0,0,0,0,1,0,0,0,0,0
9054,11423,PRT,48,880,6,1600.0,200.0,0,1,12,26,26,63,881,Corporate,Corporate,0,0,0,0,0,0,0,1,0,0,0,0,0
9112,11481,PRT,19,879,2,195.75,79.0,9,0,57,73,66,27,1075,Direct,Complementary,0,0,0,0,0,0,0,1,0,0,0,0,0
9499,11873,PRT,43,873,6,237.0,27.0,0,0,3,4,4,539,874,Corporate,Corporate,0,0,0,0,0,0,0,0,0,0,0,0,0
10435,12832,PRT,48,859,5,2182.0,351.0,0,0,23,39,37,399,866,Corporate,Corporate,0,0,0,0,0,0,0,1,0,0,0,0,0
10552,12953,PRT,50,857,21,6991.0,957.0,0,2,40,116,116,328,860,Corporate,Corporate,0,0,0,0,0,0,0,1,0,0,0,0,0
10838,13248,PRT,31,853,6,1817.0,289.0,0,0,18,33,31,305,855,Corporate,Corporate,0,0,0,0,0,0,0,1,0,0,0,0,0
10908,13318,PRT,48,852,7,531.0,73.0,0,0,6,9,9,154,853,Corporate,Corporate,0,0,0,0,0,0,0,1,0,0,0,0,0
10915,13326,PRT,44,851,45,0.0,0.0,0,0,7,13,7,26,852,Direct,Complementary,0,0,0,0,0,0,1,1,0,0,0,0,0
10984,13395,ESP,52,850,5,609.0,209.0,0,0,5,6,6,580,851,Corporate,Corporate,0,0,0,0,0,0,0,0,0,0,0,0,0
11378,13803,BEL,29,844,32,1271.22,524.0,0,0,4,24,13,482,846,Travel Agent/Operator,Other,1,0,0,0,0,0,0,1,0,0,0,0,0
11471,13900,PRT,59,842,3,759.0,807.5,0,0,7,19,9,479,843,Direct,Corporate,0,0,0,0,0,0,0,0,1,0,0,0,0
12136,14592,FRA,39,834,87,900.9,86.0,0,0,3,14,7,529,836,Travel Agent/Operator,Other,0,0,0,0,0,0,0,1,1,0,0,0,0
12785,15292,PRT,49,824,31,364.0,290.0,0,0,4,7,6,271,825,Corporate,Direct,0,0,0,0,0,0,0,1,0,0,0,0,0
12799,15306,PRT,46,823,50,3022.69,324.65,0,0,10,29,29,35,824,Travel Agent/Operator,Corporate,0,0,0,0,0,0,0,1,0,0,0,0,1
12830,15339,PRT,74,823,10,400.25,91.1,0,0,3,6,3,788,824,Direct,Direct,1,0,0,0,0,0,0,1,0,0,0,0,1
12846,15357,PRT,56,822,16,1166.0,377.5,0,0,8,18,11,88,823,Direct,Direct,0,0,0,0,0,0,0,1,0,0,0,0,0
12901,15416,PRT,48,822,0,858.15,114.0,0,0,3,4,11,297,823,Direct,Direct,0,0,0,0,0,0,0,0,0,0,0,0,0
13080,15608,PRT,27,819,0,448.0,58.1,0,0,3,4,3,810,820,Direct,Direct,0,0,0,0,0,0,0,0,0,0,0,0,0
13301,15837,PRT,50,815,5,652.0,78.0,1,0,6,11,11,313,817,Corporate,Corporate,0,0,0,0,0,0,0,1,0,0,0,0,0
13432,15968,SWE,51,813,29,694.25,224.3,0,0,3,5,5,748,814,Direct,Travel Agent/Operator,0,0,0,0,0,0,0,0,0,0,0,0,0
13588,16124,USA,63,812,108,2109.0,132.5,0,0,3,5,5,809,813,Travel Agent/Operator,Other,0,0,0,0,0,0,0,1,0,0,0,0,0
13705,16246,PRT,34,809,5,1069.0,123.0,0,0,3,11,11,603,812,Corporate,Aviation,0,0,0,0,0,0,0,0,0,0,0,0,0
13832,16378,PRT,65,808,36,295.0,41.0,1,0,4,5,5,337,809,Corporate,Corporate,0,0,0,0,0,0,0,1,0,0,0,0,0
13841,16387,PRT,50,808,6,1803.0,191.0,1,0,10,22,22,307,808,Corporate,Corporate,0,0,0,0,0,0,0,1,0,0,0,0,0
14257,16811,PRT,52,801,6,250.0,49.0,0,0,3,3,3,287,802,Corporate,Corporate,0,0,0,0,0,0,0,0,0,0,0,0,0
14375,16931,PRT,61,799,12,217.0,39.0,0,0,3,5,3,392,800,Corporate,Corporate,0,0,0,0,0,0,0,1,0,0,0,0,0
14458,17014,PRT,67,798,37,341.0,54.0,0,0,5,5,5,40,799,Travel Agent/Operator,Other,0,0,0,0,0,0,0,1,0,0,0,0,1
14639,17197,ITA,57,795,4,490.0,74.5,1,0,2,5,5,602,797,Corporate,Aviation,0,0,0,0,0,0,0,0,0,0,0,0,0
14774,17342,BEL,49,794,11,668.0,134.2,0,0,3,7,7,255,798,Corporate,Aviation,0,0,0,0,0,0,0,0,0,0,0,0,0
14786,17354,SWE,72,793,16,741.0,205.5,0,0,3,9,9,308,796,Corporate,Corporate,0,0,0,0,0,0,0,0,0,0,0,0,0
14974,17549,ESP,51,791,4,3732.0,412.05,1,0,4,16,16,43,796,Corporate,Aviation,0,0,0,0,0,0,0,1,0,0,0,0,0
15384,17960,PRT,37,785,1,1372.0,1366.8,0,0,7,41,19,261,786,Travel Agent/Operator,Travel Agent/Operator,0,0,0,0,0,0,0,0,0,0,0,0,0
15440,18016,PRT,55,783,26,132.0,71.5,0,0,8,26,11,52,784,Direct,Direct,0,0,0,0,0,0,0,0,1,0,0,0,0
15481,18058,PRT,34,782,5,477.0,73.0,0,0,6,6,6,279,783,Corporate,Corporate,0,0,0,0,0,0,0,0,0,0,0,0,0
15498,18076,FIN,36,781,36,2911.0,302.0,0,0,3,22,11,781,785,Direct,Direct,0,0,0,0,0,0,1,1,0,0,0,0,0
15672,18252,BEL,59,779,6,832.0,245.75,0,1,2,14,8,197,781,Corporate,Aviation,0,0,0,0,0,0,0,0,0,0,0,0,0
16220,18814,PRT,34,769,9,222.0,41.0,0,0,3,8,3,37,770,Direct,Direct,0,0,0,0,0,0,1,1,0,0,0,0,0
16655,19271,PRT,38,761,4,1286.0,168.0,0,0,14,16,16,62,763,Corporate,Corporate,0,0,0,0,0,0,0,1,0,0,0,0,0
16665,19281,FRA,35,761,9,435.0,33.0,0,0,3,6,4,553,762,Corporate,Corporate,0,0,0,0,0,0,0,0,0,0,0,0,0
16963,19587,PRT,34,754,6,401.0,79.0,0,0,4,5,5,12,756,Corporate,Corporate,0,0,0,0,0,0,0,1,0,0,0,0,0
17135,19774,PRT,45,750,2,175.0,31.0,1,0,4,7,4,91,751,Direct,Complementary,0,0,0,0,0,0,0,1,0,0,0,0,0
17272,19918,PRT,49,747,0,680.0,85.5,0,0,7,8,8,427,748,Direct,Direct,0,0,0,0,0,0,0,0,0,0,0,0,0
17415,20073,PRT,48,741,27,3023.0,418.0,4,2,24,49,49,119,744,Corporate,Corporate,0,0,0,0,0,0,0,1,0,0,0,0,0
17456,20114,PRT,38,740,9,311.5,191.5,0,0,3,9,3,388,741,Travel Agent/Operator,Direct,0,0,0,0,0,0,0,0,0,0,0,0,0
17583,20245,BRA,59,734,1,1516.0,180.7,0,0,3,17,17,160,746,Direct,Direct,0,0,0,0,0,0,0,0,0,0,0,0,0
18316,21033,PRT,52,719,6,707.0,147.5,0,0,6,9,9,461,721,Corporate,Corporate,0,0,0,0,0,0,0,0,0,0,0,0,0
18346,21063,PRT,40,718,9,416.0,53.0,0,0,5,7,7,249,719,Corporate,Corporate,0,0,0,0,0,0,0,0,0,0,0,0,0
18395,21113,PRT,39,717,0,586.0,68.5,0,0,3,9,6,578,718,Direct,Corporate,0,0,0,0,0,0,0,1,0,0,0,0,0
18633,21354,AUT,60,711,1,273.0,103.0,0,2,1,2,2,713,713,Corporate,Aviation,0,0,0,0,0,0,0,1,0,0,0,0,0
19095,21833,GBR,42,699,0,179.0,39.0,0,0,3,3,3,575,700,Travel Agent/Operator,Travel Agent/Operator,0,0,0,0,0,0,0,0,0,0,0,0,0
19134,21874,PRT,59,697,6,726.0,102.5,0,0,7,9,9,34,698,Corporate,Corporate,0,0,0,0,0,0,0,0,0,0,0,0,0
19635,22399,PRT,66,684,14,447.0,98.0,0,0,4,10,5,502,685,Corporate,Corporate,0,0,0,0,0,0,0,1,0,0,0,0,0
19940,22711,PRT,63,679,132,1031.89,202.0,0,0,3,23,9,170,681,Travel Agent/Operator,Direct,0,0,0,0,0,0,0,1,1,0,0,0,0
20079,22852,PRT,47,676,18,1155.0,284.0,4,1,13,15,15,95,677,Corporate,Corporate,0,0,0,0,0,0,0,1,0,0,0,0,0
20080,22853,PRT,47,676,3,677.0,65.0,0,0,6,8,8,69,677,Corporate,Corporate,0,0,0,0,0,0,0,1,0,0,0,0,0
20082,22856,ESP,54,676,7,430.0,85.5,0,0,3,5,5,483,678,Corporate,Corporate,0,0,0,0,0,0,0,0,0,0,0,0,0
20122,22896,DEU,45,675,6,880.0,155.0,0,0,4,7,7,284,678,Travel Agent/Operator,Other,0,0,0,0,0,0,0,1,0,0,0,0,0
20569,23379,PRT,28,669,16,0.0,0.0,1,0,7,9,8,140,670,Corporate,Complementary,0,0,0,0,0,0,0,1,0,0,0,0,0
20900,23722,ISR,30,663,84,434.0,44.0,0,0,3,6,6,637,665,Travel Agent/Operator,Groups,0,0,0,0,0,0,0,0,0,0,0,0,0
21211,24044,ITA,47,658,1,370.0,58.7,1,0,2,3,3,658,659,Corporate,Aviation,0,0,0,0,0,0,0,0,0,0,0,0,0
21347,24188,PRT,44,656,7,537.0,269.99,0,0,3,20,7,325,657,Travel Agent/Operator,Travel Agent/Operator,0,0,0,0,0,0,0,1,0,0,0,0,0
21454,24299,PRT,44,654,33,528.55,86.0,0,0,3,10,7,306,1073,Corporate,Direct,0,0,0,0,0,0,0,1,0,0,0,0,0
21460,24305,PRT,43,654,56,417.0,76.0,0,0,3,5,5,306,656,Direct,Direct,0,0,0,0,0,0,0,0,0,0,0,0,0
21463,24308,PRT,46,654,20,1107.0,208.0,0,0,8,21,10,9,656,Direct,Direct,0,0,0,0,0,0,0,1,1,0,0,0,0
21710,24561,FRA,57,650,17,845.0,108.0,1,0,8,9,9,454,651,Corporate,Corporate,0,0,0,0,0,0,0,0,0,0,0,0,0
21721,24572,SWE,60,650,13,2045.0,382.5,1,0,7,19,19,168,651,Corporate,Corporate,0,0,0,0,0,0,0,0,0,0,0,0,0
21722,24573,SWE,65,650,19,890.0,86.5,1,0,2,4,4,567,651,Direct,Direct,0,0,0,0,0,0,0,0,0,0,0,0,0
21793,24651,PRT,44,649,1,818.6,270.0,0,0,6,6,6,412,650,Travel Agent/Operator,Other,0,0,0,0,0,0,0,1,0,0,0,0,0
21807,24667,SWE,60,648,18,1144.0,232.5,0,0,3,10,7,112,650,Corporate,Corporate,0,0,0,0,0,0,0,0,0,0,0,0,0
22140,25015,USA,49,643,10,855.0,94.47,0,1,2,3,3,566,643,Direct,Direct,0,0,0,0,0,0,0,1,0,0,0,0,1
22290,25166,PRT,68,641,3,792.0,138.5,0,0,3,7,7,621,644,Direct,Direct,0,0,0,0,0,1,0,1,0,0,0,0,0
22427,25307,ESP,51,639,8,1386.0,255.35,1,0,5,14,14,198,640,Corporate,Aviation,0,0,0,0,0,0,0,0,0,0,0,0,0
22497,25377,FRA,58,638,12,1293.0,264.0,0,1,3,13,9,210,642,Corporate,Corporate,0,0,0,0,0,0,0,1,0,0,0,0,0
22626,25511,PRT,46,635,7,836.0,257.4,2,0,5,9,9,92,637,Corporate,Corporate,0,0,0,1,0,0,0,0,0,0,0,0,0
22967,25865,AGO,50,630,3,2025.0,459.09,0,0,3,18,14,609,631,Direct,Other,0,0,0,0,0,0,0,1,0,0,0,0,0
23701,26610,DEU,63,619,2,1967.0,250.5,0,0,3,11,7,556,623,Corporate,Aviation,0,0,0,0,0,0,0,0,0,0,0,0,0
23915,26824,PRT,37,615,20,171.0,116.9,0,0,6,10,30,230,617,Direct,Direct,0,0,0,0,0,0,0,1,1,0,0,0,0
23981,26892,PRT,54,613,5,361.0,107.5,0,0,4,4,4,23,614,Travel Agent/Operator,Travel Agent/Operator,1,0,0,0,0,0,0,1,0,0,0,0,0
24185,27108,GRC,51,611,7,3066.0,347.3,0,0,5,28,30,232,624,Corporate,Aviation,0,0,0,0,0,0,0,1,0,0,0,0,0
24669,27605,AUT,41,604,113,1684.8,23.0,0,0,3,14,7,604,605,Travel Agent/Operator,Other,0,0,0,0,0,0,0,0,0,0,0,0,1
24837,27779,HRV,42,602,10,1136.0,146.2,0,0,3,7,9,225,605,Corporate,Aviation,0,0,0,0,0,0,0,0,0,0,0,0,0
24915,27857,PRT,36,600,9,1013.0,182.5,1,0,14,17,17,47,601,Corporate,Corporate,0,0,0,0,0,0,0,0,0,0,0,0,0
25458,28410,PRT,53,592,5,60.0,6.0,1,1,1,1,1,593,593,Corporate,Corporate,0,0,0,0,0,0,0,0,0,0,0,0,0
25628,28586,PRT,43,590,2,483.0,49.0,0,0,3,4,4,210,591,Corporate,Aviation,0,0,0,0,0,0,0,0,0,0,0,0,0
25643,28601,PRT,45,590,0,552.0,28.0,1,0,2,4,4,571,591,Corporate,Aviation,0,0,0,0,0,0,0,0,0,0,0,0,0
26006,28986,PRT,60,585,9,2814.0,1146.5,0,0,13,52,40,399,588,Corporate,Corporate,0,0,0,0,0,0,0,1,0,0,0,0,0
26433,29437,BEL,51,579,1,1024.0,242.8,0,0,3,11,11,270,582,Corporate,Aviation,0,0,0,0,0,0,0,0,0,0,0,0,0
26442,29446,DEU,26,578,28,3409.0,238.0,0,0,10,26,26,390,581,Travel Agent/Operator,Other,0,0,0,0,0,0,0,0,0,0,0,0,0
26448,29453,DEU,30,578,30,2314.0,215.4,0,0,10,24,22,378,581,Travel Agent/Operator,Other,0,0,0,0,0,0,0,0,0,0,0,0,0
26475,29480,GRC,57,578,11,1370.0,284.7,1,0,4,19,14,53,582,Corporate,Aviation,0,0,0,0,0,0,0,1,0,0,0,0,0
26571,29577,PRT,46,576,20,0.0,3.0,0,0,3,9,9,254,579,Travel Agent/Operator,Travel Agent/Operator,0,0,0,0,0,0,0,0,0,0,0,0,0
27077,30099,PRT,44,569,15,413.0,104.0,0,0,5,7,7,30,569,Corporate,Corporate,0,0,0,0,0,0,0,1,0,0,0,0,0
27398,30432,PRT,42,564,3,0.0,0.0,0,0,3,6,3,70,675,Direct,Complementary,0,0,0,0,0,0,0,0,0,0,0,0,0
28835,31941,PRT,34,542,13,400.0,54.0,0,0,4,5,5,26,543,Corporate,Corporate,0,0,0,0,0,0,0,1,0,0,0,0,0
29117,32237,GBR,64,538,71,600.0,110.0,0,0,3,10,5,538,541,Travel Agent/Operator,Other,0,0,0,0,0,0,0,1,0,0,0,0,0
30655,33822,PRT,50,514,4,372.1,59.9,0,0,3,8,6,469,516,Corporate,Corporate,0,0,0,0,0,0,0,1,0,0,0,0,0
30906,34077,PRT,50,510,4,413.0,51.0,1,0,7,7,7,308,511,Corporate,Corporate,0,0,0,0,0,0,0,1,0,0,0,0,0
32616,35865,PRT,52,483,24,313.4,51.3,0,0,3,3,3,482,484,Travel Agent/Operator,Other,0,0,0,0,0,0,0,1,0,0,0,0,0
32941,36194,PRT,66,478,11,500.0,30.0,0,0,3,6,3,230,479,Travel Agent/Operator,Other,0,0,0,0,0,0,0,0,1,0,0,0,1
34293,37597,SWE,60,459,19,1200.0,105.0,0,0,3,9,9,28,462,Corporate,Corporate,0,0,0,0,0,0,0,0,0,0,0,0,0
34953,38268,DEU,51,451,30,5397.0,663.97,0,0,3,17,10,448,455,Direct,Direct,0,0,0,0,0,0,0,0,0,0,0,0,1
35166,38484,ESP,50,447,5,1103.0,33.0,0,0,9,9,9,315,448,Travel Agent/Operator,Other,0,0,0,0,0,0,0,1,0,0,0,0,0
35211,38530,PRT,48,446,7,360.0,37.0,0,0,4,5,5,82,447,Corporate,Corporate,0,0,0,0,0,0,0,1,0,0,0,0,0
35245,38565,ESP,49,446,14,905.0,50.0,0,0,3,5,24,63,450,Travel Agent/Operator,Travel Agent/Operator,0,0,0,0,0,0,0,0,0,0,0,0,0
35383,38714,NAM,62,444,2,9180.0,1144.5,1,0,2,16,8,147,452,Direct,Direct,0,0,0,0,0,0,0,0,0,0,0,0,0
35426,38760,AGO,44,443,6,2118.0,126.0,0,0,3,10,5,98,444,Direct,Direct,0,0,0,0,0,0,0,0,0,0,0,0,0
35773,39117,PRT,62,439,15,360.0,84.5,0,1,4,4,5,287,440,Corporate,Corporate,0,0,0,0,0,0,0,1,0,0,0,0,0
35779,39123,PRT,48,439,15,838.0,100.0,1,2,7,10,10,167,440,Corporate,Corporate,0,0,0,0,0,0,0,1,0,0,0,0,0
35927,39274,PRT,67,437,13,0.0,47.0,0,0,3,6,3,270,438,Direct,Complementary,0,0,0,0,0,0,0,0,0,0,0,0,0
36211,39580,PRT,58,433,221,0.0,0.0,0,0,3,9,9,173,436,Travel Agent/Operator,Complementary,0,0,0,0,0,0,0,0,0,0,0,0,0
36645,40029,PRT,23,426,5,563.0,49.0,0,0,3,3,3,50,427,Corporate,Corporate,0,0,0,0,0,0,0,0,0,0,0,0,0
37098,40491,ESP,45,419,11,455.0,35.0,0,0,3,5,5,209,421,Direct,Direct,0,0,0,0,0,0,0,1,0,0,0,0,0
37164,40559,CAN,49,418,6,348.0,14.0,2,0,1,2,2,420,420,Direct,Direct,0,0,0,0,0,0,0,1,0,0,0,0,0
37183,40578,FRA,54,417,5,1914.0,580.5,0,0,5,16,14,203,419,Corporate,Corporate,0,0,0,0,0,0,0,1,0,0,0,0,0
37604,41024,DEU,49,410,6,824.6,71.5,0,0,4,9,9,377,414,Travel Agent/Operator,Other,0,0,0,0,0,0,0,1,0,0,0,0,0
37737,41161,AGO,47,408,10,2448.28,201.7,0,0,5,34,20,197,411,Direct,Direct,0,0,0,0,0,0,0,1,0,0,0,0,0
38033,41467,PRT,58,403,4,378.0,168.0,0,0,3,8,6,23,405,Direct,Direct,0,0,0,0,0,0,0,0,1,0,0,0,0
38088,41522,FRA,58,401,5,854.0,316.2,0,0,4,11,9,297,404,Corporate,Corporate,0,0,0,0,0,0,0,1,0,0,0,0,0
38201,41646,PRT,48,400,6,417.0,56.0,0,0,4,8,7,21,401,Corporate,Corporate,0,0,0,0,0,0,0,1,0,0,0,0,0
38393,41855,NLD,54,395,1,1396.6,340.0,0,0,6,17,17,35,400,Travel Agent/Operator,Other,0,0,0,0,0,0,0,0,0,0,0,0,0
38594,42065,FRA,54,390,6,782.0,298.4,0,0,3,8,7,313,391,Corporate,Corporate,0,0,0,0,0,0,0,0,0,0,0,0,0
38607,42082,PRT,45,389,5,296.0,30.5,0,0,3,4,4,326,391,Travel Agent/Operator,Corporate,0,0,0,0,0,0,0,0,0,0,0,0,0
38640,42117,NLD,48,389,61,2894.0,489.95,0,0,11,30,24,34,825,Travel Agent/Operator,Other,0,0,0,0,0,0,0,1,0,0,0,0,0
38953,42436,ESP,28,381,8,2318.8,265.6,0,0,7,28,28,315,385,Electronic Distribution,Travel Agent/Operator,0,0,0,0,0,0,0,0,0,0,0,0,0
39038,42521,PRT,41,379,18,271.0,169.0,0,0,3,8,3,380,1070,Corporate,Corporate,0,0,0,0,0,0,0,1,0,0,0,0,0
39088,42574,ESP,28,376,8,385.0,35.0,0,0,3,5,5,357,377,Direct,Direct,0,0,0,0,0,0,0,0,0,0,0,0,0
39115,42603,DEU,61,374,7,878.37,57.0,0,0,5,7,7,253,375,Travel Agent/Operator,Travel Agent/Operator,1,0,0,0,0,0,0,0,0,0,0,0,1
39131,42620,PRT,48,373,4,1003.0,496.5,0,0,12,15,15,81,375,Corporate,Corporate,0,0,0,0,0,0,0,1,0,0,0,0,0
39138,42627,PRT,58,373,19,891.0,248.0,3,1,9,16,15,189,375,Corporate,Corporate,0,0,0,0,0,0,0,1,1,0,0,0,0
39144,42633,PRT,50,373,17,1205.0,130.0,0,0,9,19,19,33,376,Corporate,Corporate,0,0,0,0,0,0,0,1,0,0,0,0,0
39228,42719,PRT,16,369,1,137.0,20.0,0,0,3,7,3,233,370,Direct,Complementary,0,0,0,0,0,0,0,0,0,0,0,0,0
39888,43422,PRT,44,355,1,532.85,167.65,0,0,4,6,4,328,356,Corporate,Corporate,0,0,0,0,0,0,0,0,1,0,0,0,0
39989,43613,PRT,27,351,9,97.5,27.5,0,0,4,7,4,184,352,Corporate,Complementary,0,0,0,0,0,0,0,1,1,0,0,0,0
40088,43805,FRA,58,347,14,438.0,789.5,1,0,2,7,5,335,349,Corporate,Corporate,0,0,0,0,0,0,0,0,0,0,0,0,0
40160,43900,PRT,52,346,4,649.0,140.6,1,0,8,9,9,45,347,Corporate,Corporate,0,0,0,0,0,0,0,1,0,0,0,0,0
40174,43927,GRC,63,345,3,1486.0,183.2,0,0,3,19,19,40,355,Corporate,Aviation,0,0,0,0,0,0,0,1,0,0,0,0,0
40670,44748,PRT,41,335,2,311.0,28.0,0,0,4,4,4,243,336,Travel Agent/Operator,Corporate,0,0,0,0,0,0,0,0,0,0,0,0,0
40723,44842,GBR,51,333,40,519.0,130.5,0,0,4,5,5,203,334,Electronic Distribution,Corporate,0,0,0,0,0,0,0,0,0,0,0,0,0
40748,44878,PRT,47,333,23,800.0,108.0,2,0,9,10,10,125,334,Corporate,Corporate,0,0,0,0,0,0,0,1,0,0,0,0,0
40935,45190,FRA,67,327,1,257.0,34.0,0,0,3,3,3,13,328,Corporate,Corporate,0,0,0,0,0,0,0,1,0,0,0,0,0
41083,45426,PRT,45,324,3,295.0,69.0,0,0,3,5,5,46,326,Corporate,Corporate,0,0,0,0,0,0,0,0,0,0,0,0,0
41108,45476,PRT,48,324,23,258.0,30.0,0,1,3,4,3,11,325,Corporate,Corporate,0,0,0,0,0,0,0,1,0,0,0,0,0
41179,45616,PRT,59,323,15,726.0,71.0,0,1,5,10,10,11,326,Corporate,Corporate,0,0,0,0,0,0,0,1,0,0,0,0,0
41240,45754,IRL,44,321,7,688.0,313.0,0,0,3,4,4,266,323,Direct,Direct,0,0,0,0,0,0,0,0,0,0,0,0,0
41458,46234,PRT,28,317,0,448.0,72.97,0,0,4,8,4,113,318,Travel Agent/Operator,Direct,0,0,0,0,0,0,0,1,0,0,0,0,0
41680,46686,GBR,50,312,31,1092.0,59.0,0,0,3,4,4,248,313,Travel Agent/Operator,Direct,0,0,0,0,0,0,0,1,0,0,0,0,0
41878,47053,ESP,45,308,4,1539.5,110.0,0,0,4,14,14,273,309,Direct,Direct,0,0,0,0,0,0,0,0,0,0,0,0,1
41925,47159,PRT,62,307,11,354.0,42.0,0,0,4,6,6,26,308,Corporate,Corporate,0,0,0,0,0,0,0,0,0,0,0,0,0
42005,47295,SWE,34,306,7,2293.0,228.0,0,0,3,17,14,303,316,Electronic Distribution,Other,0,0,0,0,0,0,0,1,0,0,0,0,0
42048,47375,PRT,47,305,24,900.0,110.0,0,0,7,10,10,69,306,Corporate,Corporate,0,0,0,0,0,0,0,1,0,0,0,0,0
42275,47802,PRT,68,301,13,438.0,89.0,1,0,5,8,5,97,302,Corporate,Corporate,0,0,0,0,0,0,0,1,0,0,0,0,0
42285,47819,PRT,62,300,19,236.0,28.0,0,0,4,4,4,260,301,Corporate,Corporate,0,0,0,0,0,0,0,0,0,0,0,0,0
42286,47820,PRT,65,300,25,295.0,41.0,0,0,5,5,5,249,301,Corporate,Corporate,0,1,0,0,0,0,0,1,0,0,0,0,0
42290,47825,PRT,58,300,22,655.0,72.0,2,0,6,10,10,118,301,Corporate,Corporate,0,0,0,0,0,0,0,1,0,0,0,0,1
42293,47831,PRT,51,300,11,649.0,163.0,1,0,6,12,10,4,301,Corporate,Corporate,0,0,0,0,0,0,0,1,0,0,0,0,0
42333,47910,PRT,42,299,3,74.0,7.0,0,0,3,3,3,8,300,Direct,Direct,0,0,0,0,0,0,0,0,0,0,0,0,0
42340,47925,PRT,58,299,52,1186.0,193.0,3,1,10,18,18,12,300,Corporate,Corporate,0,0,0,0,0,0,0,1,0,0,0,0,0
42368,47967,PRT,51,299,3,511.2,58.8,0,0,4,6,6,154,300,Corporate,Corporate,0,0,0,0,0,0,0,1,0,0,0,0,0
42387,48004,PRT,47,298,4,168.0,14.0,1,0,2,2,2,26,299,Corporate,Direct,0,0,0,0,0,0,0,1,0,0,0,0,0
42763,48691,PRT,46,292,16,1719.0,2712.5,1,0,10,12,8,5,355,Corporate,Corporate,0,0,0,0,0,0,0,0,1,0,0,0,0
43032,49170,PRT,23,287,6,726.0,79.2,0,0,3,3,3,244,288,Travel Agent/Operator,Corporate,0,0,0,0,0,0,0,0,0,0,0,0,0
43033,49171,PRT,44,287,15,1458.5,7730.25,0,0,9,25,13,21,288,Travel Agent/Operator,Corporate,0,0,0,0,0,0,0,1,0,0,0,0,0
43211,49405,ESP,37,284,31,1354.5,94.0,0,0,5,12,12,14,286,Corporate,Corporate,0,0,0,0,0,0,0,0,0,0,0,0,0
43933,50907,CHE,50,272,46,954.0,211.0,0,0,3,12,3,269,273,Travel Agent/Operator,Direct,0,0,0,0,0,0,0,1,0,0,0,0,0
44002,51048,PRT,43,270,3,431.0,53.0,0,0,3,3,3,39,271,Corporate,Corporate,0,0,0,0,0,0,0,0,0,0,0,0,0
44071,51190,PRT,45,270,15,478.0,187.0,0,1,6,6,7,20,271,Corporate,Corporate,0,0,0,0,0,0,0,1,0,0,0,0,0
44250,51575,PRT,84,267,1,195.0,231.0,0,1,3,6,3,246,268,Corporate,Corporate,0,0,0,0,0,0,0,0,1,0,0,0,0
44359,51799,PRT,63,265,17,325.0,21.0,0,0,3,3,3,26,266,Travel Agent/Operator,Direct,0,0,0,0,0,0,0,1,0,0,0,0,1
44528,52103,PRT,59,262,11,584.0,100.99,0,0,8,11,10,26,263,Corporate,Corporate,0,0,0,0,0,0,0,0,0,0,0,0,0
44900,52714,PRT,51,257,28,891.0,120.0,2,1,6,14,14,190,258,Corporate,Corporate,0,0,0,0,0,0,0,1,0,0,0,0,0
45676,54231,EST,59,246,155,2686.0,246.0,0,0,3,25,15,236,247,Travel Agent/Operator,Groups,0,0,0,0,0,0,0,0,1,0,0,0,0
45929,54746,FRA,76,242,57,4460.0,1355.0,0,0,3,21,7,239,246,Direct,Direct,0,0,0,0,0,0,0,0,0,0,0,0,0
45942,54772,PRT,48,241,23,413.0,49.0,1,0,5,7,7,118,242,Corporate,Corporate,0,0,0,0,0,0,0,1,0,0,0,0,0
45983,54855,FRA,33,241,170,7045.0,1562.0,0,0,3,20,5,237,242,Travel Agent/Operator,Other,0,0,0,0,0,0,1,0,0,0,0,0,0
45984,54859,FRA,34,241,170,6270.0,1298.0,0,0,3,15,5,237,242,Travel Agent/Operator,Other,0,0,0,0,0,0,1,0,0,0,0,0,0
45985,54864,FRA,59,241,170,3814.0,816.0,0,0,3,10,5,237,242,Travel Agent/Operator,Other,0,0,0,0,0,0,0,0,0,0,0,0,1
45986,54866,FRA,38,241,170,3814.0,1050.0,0,0,3,10,5,237,242,Travel Agent/Operator,Other,0,0,0,0,0,0,0,0,0,0,0,0,0
45988,54869,FRA,54,240,4,1322.0,438.5,0,0,4,14,11,210,243,Corporate,Corporate,0,0,0,0,0,0,0,1,1,0,0,0,0
46142,55182,DEU,45,238,97,4153.6,337.0,0,0,3,10,8,232,239,Direct,Direct,1,0,0,0,0,0,0,0,1,0,0,0,0
46177,55248,UKR,57,238,92,1460.0,370.0,0,0,3,9,3,237,239,Direct,Direct,0,0,0,0,0,0,0,0,0,0,0,0,0
46343,55559,PRT,43,234,16,660.0,66.0,1,0,8,11,11,11,237,Corporate,Corporate,0,0,0,0,0,0,0,1,0,0,0,0,0
46692,56206,GRC,62,229,6,1444.0,360.0,0,0,4,16,16,198,232,Corporate,Aviation,0,0,0,0,0,0,0,1,0,0,0,0,0
46756,56313,PRT,54,228,3,1986.0,293.5,0,0,3,23,12,220,230,Corporate,Corporate,0,0,0,0,0,0,0,1,0,0,0,0,0
46863,56498,PRT,58,226,50,0.0,0.0,0,0,4,12,12,117,229,Travel Agent/Operator,Complementary,0,0,0,0,0,0,0,1,0,0,0,0,0
47103,56984,POL,41,223,42,535.0,110.0,1,0,2,3,3,223,224,Travel Agent/Operator,Other,0,0,0,0,0,0,0,1,0,0,0,0,0
47308,57368,POL,49,220,19,597.0,56.0,0,0,3,8,4,218,221,Direct,Direct,0,0,0,0,0,0,0,0,0,0,0,0,0
47324,57395,GBR,66,220,20,858.0,161.5,0,0,3,12,6,218,222,Direct,Direct,0,0,0,0,0,0,0,0,0,0,0,0,0
47503,57753,DEU,30,217,30,1722.0,214.0,0,0,3,14,7,215,219,Direct,Groups,0,0,0,0,0,0,0,0,1,0,0,0,0
47651,58055,ESP,48,213,29,975.0,399.5,0,0,3,16,8,212,217,Travel Agent/Operator,Other,0,0,0,0,0,0,0,1,0,0,0,0,0
48586,59806,PRT,37,200,6,1372.0,201.0,0,0,3,8,4,199,202,Travel Agent/Operator,Other,0,0,0,0,0,0,0,0,0,0,0,0,0
48588,59810,DEU,66,200,6,2192.0,272.0,0,0,3,8,4,199,202,Travel Agent/Operator,Other,0,0,0,0,0,0,0,0,0,0,0,0,0
48704,59996,ISR,63,199,10,986.52,158.0,0,0,4,14,7,197,203,Travel Agent/Operator,Other,0,0,0,0,0,0,0,1,0,0,0,0,0
48774,60136,ESP,40,198,2,2378.0,1405.0,0,0,4,17,14,189,204,Travel Agent/Operator,Other,0,0,0,0,0,0,0,0,0,0,0,0,1
48830,60247,AUS,51,197,16,893.0,180.5,0,0,3,5,5,65,199,Corporate,Aviation,0,0,0,0,0,0,0,0,0,0,0,0,0
49235,60878,GBR,40,191,1,326.0,52.0,0,0,3,4,4,161,193,Corporate,Corporate,0,0,0,0,0,0,0,0,0,0,0,0,0
49282,60971,PRT,52,191,37,1865.0,175.0,4,3,20,25,25,28,192,Corporate,Corporate,0,0,0,0,0,0,0,1,0,0,0,0,0
49373,61156,PRT,48,190,58,1357.0,195.0,1,0,12,23,23,12,191,Corporate,Corporate,0,0,0,0,0,0,0,1,0,0,0,0,0
49408,61225,PRT,68,189,7,130.0,55.0,1,0,2,4,2,41,190,Corporate,Corporate,0,0,0,0,0,0,0,0,0,0,0,0,0
49631,61669,PRT,51,185,9,417.0,107.0,0,0,3,8,7,177,188,Direct,Direct,0,0,0,0,0,0,0,0,0,0,0,0,0
50121,62614,ESP,45,178,3,1186.0,250.5,0,0,4,14,14,55,180,Direct,Direct,0,0,0,0,0,0,0,0,0,0,0,0,0
50908,64359,PRT,36,165,13,236.0,64.0,0,0,4,4,4,18,166,Corporate,Corporate,0,0,0,0,0,0,0,0,0,0,0,0,0
50958,64461,USA,53,165,13,2833.0,133.5,0,0,3,14,7,164,167,Travel Agent/Operator,Other,1,0,0,0,0,0,0,1,0,0,1,0,0
51337,65303,PRT,32,158,10,236.0,58.0,1,0,4,4,4,55,159,Corporate,Corporate,0,0,0,0,0,0,0,0,0,0,0,0,0
51785,66327,IRL,30,151,9,5579.0,808.0,0,0,3,10,5,150,154,Travel Agent/Operator,Direct,0,0,0,0,0,0,0,0,0,0,0,0,0
52049,66947,PRT,51,145,52,1599.0,206.0,4,0,11,26,26,13,147,Corporate,Corporate,0,0,0,0,0,0,0,1,0,0,0,0,0
54252,71772,PRT,47,111,16,0.0,26.0,1,0,34,78,38,77,1116,Direct,Complementary,0,0,0,0,0,0,0,1,1,0,0,0,0
54332,71919,GBR,54,110,14,1011.0,49.0,0,0,4,7,7,28,112,Electronic Distribution,Direct,1,0,0,0,0,0,0,1,0,0,1,0,1
54408,72071,CHE,59,108,50,665.76,90.0,0,0,4,7,7,12,110,Travel Agent/Operator,Other,0,0,0,0,0,0,0,1,0,0,0,0,0
54487,72216,PRT,49,107,12,1274.0,232.0,1,0,4,12,4,102,108,Direct,Corporate,0,0,0,0,0,0,0,0,0,0,0,0,0
54604,72438,BEL,63,106,33,434.96,185.07,1,0,2,8,4,106,109,Direct,Direct,0,0,0,0,0,0,0,1,0,0,0,0,1
55500,73943,PRT,47,95,18,252.0,41.0,0,0,3,3,3,47,96,Corporate,Corporate,0,0,0,0,0,0,0,1,0,0,0,0,0
55605,74127,PRT,38,94,11,385.0,45.0,0,0,4,5,5,13,95,Corporate,Corporate,0,0,0,0,0,0,0,1,0,0,0,0,0
56149,75106,NLD,31,86,83,998.0,348.5,0,1,2,6,6,21,88,Corporate,Corporate,0,0,0,0,0,0,0,1,0,0,0,0,1
56803,76401,PRT,44,78,1,430.0,79.0,0,0,4,10,5,45,79,Direct,Direct,0,0,0,0,0,0,0,1,0,0,0,0,0
56984,76752,GBR,31,75,26,3003.0,119.0,0,0,3,3,3,74,76,Direct,Direct,0,0,0,0,0,0,0,0,0,0,0,0,1
56985,76753,AUS,40,75,16,1653.0,75.0,0,0,3,3,3,74,76,Direct,Direct,0,0,0,0,0,0,0,0,0,0,0,0,1
57330,77407,PRT,40,70,19,568.0,149.0,0,0,3,8,4,43,71,Electronic Distribution,Other,0,0,0,0,0,0,0,0,0,0,0,0,0
58379,79359,GBR,49,52,2,222.0,78.5,0,1,3,3,3,13,53,Corporate,Corporate,0,0,0,0,0,0,0,0,0,0,0,0,0
58951,80300,USA,49,42,10,435.6,14.0,0,0,4,5,5,34,43,Travel Agent/Operator,Other,0,0,0,0,0,0,0,1,0,0,0,0,0
59074,80508,GBR,66,40,24,967.45,479.05,0,0,3,15,11,13,41,Direct,Direct,0,0,0,0,0,0,0,1,0,0,0,0,0
59079,80517,POL,53,39,49,322.44,67.0,0,0,3,7,4,37,40,Travel Agent/Operator,Other,0,0,0,0,0,0,0,0,1,0,0,0,0
59282,80878,PRT,63,36,45,696.95,202.5,0,0,4,14,7,37,619,Direct,Direct,0,0,0,0,0,0,0,0,0,0,0,0,0
